{"cameraMode":{"drawMode":0,"name":"Shaded","section":"Shading Mode"},"sceneLighting":true,"audioPlay":false,"sceneViewState":{"showFog":true,"showMaterialUpdate":false,"showSkybox":true,"showFlares":true,"showImageEffects":true,"showParticleSystems":true,"showVisualEffectGraphs":true,"m_FxEnabled":true},"in2DMode":false,"pivot":{"x":-5.848854064941406,"y":2.8861234188079836,"z":2.5748884677886965},"rotation":{"x":0.06713541597127915,"y":-0.9321423172950745,"z":0.2706698775291443,"w":0.23110070824623109},"size":1.5945008993148804,"orthographic":false}