{"cameraMode":{"drawMode":0,"name":"Shaded","section":"Shading Mode"},"sceneLighting":true,"audioPlay":false,"sceneViewState":{"showFog":true,"showMaterialUpdate":false,"showSkybox":true,"showFlares":true,"showImageEffects":true,"showParticleSystems":true,"showVisualEffectGraphs":true,"m_FxEnabled":true},"in2DMode":false,"pivot":{"x":0.3210563361644745,"y":-5.813657283782959,"z":12.6215181350708},"rotation":{"x":0.25514286756515505,"y":0.00580138573423028,"z":-0.0015308762667700649,"w":0.966885507106781},"size":10.990434646606446,"orthographic":false}